index,drybulb,damp,glohorzrad,difhorzrad,t_sky,t_ground,wind_speed
0,-5.08,1.6,0.0,0.0,244.25,-6.1,0.0
1,-5.19,1.71,0.0,0.0,242.59,-7.6,0.0
2,-5.4,1.79,0.0,0.0,240.59,-9.4,1.0
3,-5.79,1.83,0.0,0.0,238.57,-11.21,1.0
4,-6.29,1.82,0.0,0.0,236.85,-12.76,1.0
5,-6.78,1.78,0.0,0.0,235.76,-13.77,1.0
6,-7.15,1.72,0.0,0.0,235.6,-13.95,1.0
7,-7.3,1.65,0.0,0.0,236.69,-13.02,1.0
8,-6.5,1.65,37.59,15.36,239.23,-10.7,3.0
9,-4.49,1.74,147.92,60.44,243.3,-6.88,3.0
10,-1.77,1.86,256.54,104.82,248.32,-2.08,3.0
11,1.17,1.92,339.67,138.79,253.53,2.98,3.0
12,3.87,1.83,222.38,222.38,258.18,7.61,3.0
13,5.84,1.64,364.39,148.89,261.62,11.12,3.0
14,6.6,1.45,371.24,106.12,263.23,12.8,4.0
15,6.24,1.41,200.99,82.13,262.56,12.18,4.0
16,5.3,1.51,109.29,31.24,260.0,9.7,4.0
17,3.96,1.68,0.0,0.0,256.2,6.03,4.0
18,2.44,1.84,0.0,0.0,251.8,1.82,4.0
19,0.92,1.96,0.0,0.0,247.51,-2.24,4.0
20,-0.4,2.0,0.0,0.0,244.03,-5.5,1.0
21,-1.37,2.01,0.0,0.0,241.98,-7.46,1.0
22,-2.04,2.01,0.0,0.0,241.14,-8.32,1.0
23,-2.51,2.02,0.0,0.0,241.12,-8.45,1.0
24,-2.88,2.03,0.0,0.0,239.95,-8.21,1.0
25,-3.24,2.05,0.0,0.0,240.36,-7.97,1.0
26,-3.7,2.07,0.0,0.0,240.36,-8.1,0.0
27,-4.31,2.09,0.0,0.0,239.66,-8.84,0.0
28,-5.0,2.1,0.0,0.0,238.56,-9.92,0.0
29,-5.64,2.1,0.0,0.0,237.51,-10.95,0.0
30,-6.12,2.08,0.0,0.0,236.95,-11.52,0.0
31,-6.3,2.05,0.0,0.0,237.32,-11.23,0.0
32,-5.6,2.09,43.87,19.79,239.0,-9.7,2.0
33,-3.7,2.23,85.89,85.89,242.19,-6.69,2.0
34,-1.02,2.4,295.72,133.4,246.39,-2.64,2.0
35,1.97,2.48,196.78,196.78,250.91,1.81,2.0
36,4.83,2.36,219.28,219.28,255.06,6.04,2.0
37,7.09,2.08,419.73,189.35,258.26,9.45,2.0
38,8.3,1.77,346.12,156.14,259.98,11.4,1.0
39,8.4,1.61,231.88,104.6,259.89,11.46,1.0
40,7.81,1.66,102.4,46.19,258.31,9.96,1.0
41,6.38,1.78,0.0,0.0,255.76,7.38,1.0
42,4.63,1.92,0.0,0.0,252.64,4.25,1.0
43,3.07,2.05,0.0,0.0,249.38,1.05,1.0
44,2.2,2.23,0.0,0.0,246.47,-1.7,1.0
45,2.2,2.46,0.0,0.0,244.34,-3.62,1.0
46,2.13,2.61,0.0,0.0,243.09,-4.77,1.0
47,1.81,2.64,0.0,0.0,242.51,-5.34,1.0
48,1.35,2.56,0.0,0.0,239.34,-5.52,1.0
49,0.85,2.44,0.0,0.0,239.46,-5.47,1.0
50,0.4,2.28,0.0,0.0,239.56,-5.4,2.0
51,0.09,2.11,0.0,0.0,239.47,-5.43,2.0
52,-0.11,1.9,0.0,0.0,239.24,-5.49,2.0
53,-0.25,1.71,0.0,0.0,239.1,-5.47,2.0
54,-0.38,1.5,0.0,0.0,239.16,-5.26,2.0
55,-0.54,1.29,0.0,0.0,239.62,-4.74,2.0
56,-0.8,1.08,44.42,13.24,240.62,-3.8,7.0
57,-1.18,0.88,100.42,100.42,242.25,-2.39,7.0
58,-1.63,0.71,295.44,88.09,244.24,-0.71,7.0
59,-2.09,0.57,429.12,86.56,246.23,0.95,7.0
60,-2.5,0.46,478.08,96.44,247.88,2.33,7.0
61,-2.79,0.39,460.25,92.84,248.83,3.13,7.0
62,-2.9,0.35,345.68,103.07,248.75,3.1,10.0
63,-3.16,0.34,136.2,136.2,247.52,2.05,10.0
64,-3.78,0.33,60.39,60.39,245.45,0.21,10.0
65,-4.54,0.33,0.0,0.0,242.85,-2.08,10.0
66,-5.19,0.33,0.0,0.0,240.04,-4.5,10.0
67,-5.5,0.32,0.0,0.0,237.33,-6.72,10.0
68,-5.4,0.31,0.0,0.0,235.09,-8.4,5.0
69,-5.31,0.26,0.0,0.0,233.74,-9.32,5.0
70,-5.36,0.2,0.0,0.0,233.12,-9.66,5.0
71,-5.55,0.13,0.0,0.0,232.89,-9.7,5.0
72,-5.92,0.07,0.0,0.0,231.6,-9.72,5.0
73,-6.46,0.05,0.0,0.0,231.31,-9.99,5.0
74,-7.2,0.06,0.0,0.0,230.65,-10.8,5.0
75,-8.12,0.11,0.0,0.0,229.34,-12.3,5.0
76,-9.1,0.18,0.0,0.0,227.6,-14.16,5.0
77,-10.0,0.25,0.0,0.0,225.93,-15.88,5.0
78,-10.66,0.31,0.0,0.0,224.9,-17.01,5.0
79,-10.94,0.35,0.0,0.0,225.07,-17.08,5.0
80,-10.7,0.39,52.49,5.14,227.0,-15.6,2.0
81,-9.84,0.4,199.59,19.56,230.95,-12.32,2.0
82,-8.46,0.39,344.22,33.74,236.21,-7.8,2.0
83,-6.72,0.36,454.82,44.58,241.82,-2.79,2.0
84,-4.8,0.32,506.59,49.65,246.91,1.92,2.0
85,-2.84,0.26,487.76,47.8,250.63,5.57,2.0
86,-1.0,0.24,402.6,39.46,252.18,7.4,6.0
87,0.1,0.28,270.39,26.5,251.25,6.88,6.0
88,-0.14,0.35,120.42,11.8,248.5,4.46,6.0
89,-0.75,0.46,0.0,0.0,244.38,0.83,6.0
90,-1.58,0.56,0.0,0.0,239.62,-3.31,6.0
91,-2.48,0.64,0.0,0.0,234.99,-7.29,6.0
92,-3.3,0.68,0.0,0.0,231.33,-10.4,2.0
93,-3.93,0.68,0.0,0.0,229.31,-12.14,2.0
94,-4.4,0.67,0.0,0.0,228.71,-12.73,2.0
95,-4.78,0.65,0.0,0.0,229.04,-12.57,2.0
96,-5.14,0.63,0.0,0.0,230.8,-12.06,2.0
97,-5.56,0.63,0.0,0.0,231.56,-11.6,2.0
98,-6.1,0.65,0.0,0.0,231.81,-11.6,0.0
99,-6.8,0.69,0.0,0.0,231.24,-12.31,0.0
100,-7.57,0.73,0.0,0.0,230.17,-13.44,0.0
101,-8.28,0.77,0.0,0.0,229.1,-14.54,0.0
102,-8.8,0.81,0.0,0.0,228.54,-15.18,0.0
103,-9.0,0.83,0.0,0.0,229.0,-14.91,0.0
104,-8.2,0.88,27.94,7.89,230.84,-13.3,1.0
105,-6.51,0.93,104.88,29.62,234.38,-10.09,1.0
106,-4.38,0.95,333.55,63.18,239.12,-5.75,1.0
107,-2.09,0.91,440.38,83.41,244.26,-0.94,1.0
108,0.09,0.8,490.38,92.88,249.07,3.67,1.0
109,1.88,0.59,255.52,72.16,252.78,7.44,1.0
110,3.0,0.37,389.97,73.86,254.78,9.7,6.0
111,3.32,0.24,262.27,49.68,254.7,9.99,6.0
112,3.3,0.2,117.34,22.23,252.91,8.63,6.0
113,3.16,0.23,0.0,0.0,249.93,6.13,6.0
114,2.84,0.3,0.0,0.0,246.32,3.02,6.0
115,2.44,0.38,0.0,0.0,242.56,-0.2,6.0
116,2.1,0.44,0.0,0.0,239.22,-3.0,5.0
117,1.89,0.46,0.0,0.0,236.76,-5.0,5.0
118,1.75,0.46,0.0,0.0,235.1,-6.31,5.0
119,1.56,0.45,0.0,0.0,234.0,-7.18,5.0
120,1.21,0.44,0.0,0.0,231.77,-7.85,5.0
121,0.59,0.46,0.0,0.0,231.13,-8.58,5.0
122,-0.4,0.5,0.0,0.0,230.31,-9.6,3.0
123,-1.81,0.56,0.0,0.0,229.15,-11.05,3.0
124,-3.43,0.62,0.0,0.0,227.88,-12.64,3.0
125,-4.94,0.67,0.0,0.0,226.9,-13.95,3.0
126,-6.06,0.72,0.0,0.0,226.64,-14.59,3.0
127,-6.5,0.77,0.0,0.0,227.54,-14.14,3.0
128,-6.0,0.85,49.57,12.16,230.04,-12.2,2.0
129,-4.87,0.94,191.41,30.71,234.47,-8.56,2.0
130,-3.33,1.03,328.63,52.73,240.16,-3.75,2.0
131,-1.48,1.11,415.76,101.99,246.17,1.46,2.0
132,0.55,1.19,482.61,77.44,251.63,6.35,2.0
133,2.65,1.23,464.77,74.57,255.67,10.18,2.0
134,4.7,1.26,368.32,90.35,257.51,12.2,5.0
135,6.0,1.26,145.72,145.72,256.71,11.9,5.0
136,5.61,1.17,111.54,27.36,253.99,9.7,5.0
137,4.62,1.07,0.0,0.0,249.86,6.21,5.0
138,3.27,0.99,0.0,0.0,245.03,2.1,5.0
139,1.82,0.93,0.0,0.0,240.22,-2.02,5.0
140,0.5,0.9,0.0,0.0,236.17,-5.5,3.0
141,-0.48,0.88,0.0,0.0,233.46,-7.86,3.0
142,-1.18,0.89,0.0,0.0,232.02,-9.2,3.0
143,-1.7,0.93,0.0,0.0,231.52,-9.78,3.0
144,-2.14,0.97,0.0,0.0,249.25,-9.87,3.0
145,-2.6,1.01,0.0,0.0,249.47,-9.72,3.0
146,-3.2,1.03,0.0,0.0,249.68,-9.6,2.0
147,-3.99,1.03,0.0,0.0,249.68,-9.68,2.0
148,-4.86,1.02,0.0,0.0,249.59,-9.85,2.0
149,-5.67,1.0,0.0,0.0,249.6,-9.91,2.0
150,-6.27,0.98,0.0,0.0,249.91,-9.67,2.0
151,-6.5,0.96,0.0,0.0,250.71,-8.93,2.0
152,-3.6,1.22,26.88,18.36,252.01,-7.5,2.0
153,-0.52,1.51,98.16,67.06,254.14,-5.28,2.0
154,1.19,1.62,88.03,88.03,256.89,-2.53,2.0
155,1.94,1.57,221.59,151.37,259.84,0.36,2.0
156,2.14,1.47,246.61,168.47,262.6,3.05,2.0
157,2.19,1.39,237.53,162.26,264.77,5.15,2.0
158,2.5,1.4,196.4,134.16,265.95,6.3,1.0
159,3.0,1.51,69.37,69.37,265.88,6.25,1.0
160,2.82,1.61,59.87,40.9,264.8,5.17,1.0
161,2.34,1.71,0.0,0.0,262.99,3.36,1.0
162,1.65,1.79,0.0,0.0,260.71,1.1,1.0
163,0.84,1.82,0.0,0.0,258.27,-1.32,1.0
164,0.0,1.81,0.0,0.0,255.95,-3.6,0.0
165,-0.8,1.73,0.0,0.0,253.99,-5.52,0.0
166,-1.54,1.65,0.0,0.0,252.43,-7.04,0.0
167,-2.22,1.57,0.0,0.0,251.25,-8.2,0.0
168,-2.84,1.51,0.0,0.0,245.29,-9.03,0.0
169,-3.4,1.49,0.0,0.0,244.79,-9.55,0.0
170,-3.9,1.51,0.0,0.0,244.62,-9.8,3.0
171,-4.33,1.59,0.0,0.0,244.76,-9.79,3.0
172,-4.69,1.69,0.0,0.0,245.25,-9.47,3.0
173,-4.97,1.81,0.0,0.0,246.15,-8.76,3.0
174,-5.14,1.92,0.0,0.0,247.52,-7.61,3.0
175,-5.2,2.02,0.0,0.0,249.43,-5.95,3.0
176,-3.8,2.32,31.62,20.46,251.82,-3.7,3.0
177,-1.85,2.7,57.96,57.96,254.76,-0.88,3.0
178,-0.17,2.97,194.45,125.79,257.98,2.2,3.0
179,1.14,3.11,256.04,165.63,261.04,5.14,3.0
180,1.99,3.09,284.86,184.28,263.53,7.55,3.0
181,2.3,2.95,139.73,139.73,265.04,9.04,3.0
182,1.8,2.72,227.03,146.86,265.21,9.2,0.0
183,0.89,2.52,153.39,99.23,263.74,7.8,0.0
184,-0.17,2.36,35.49,35.49,260.96,5.16,0.0
185,-1.27,2.25,0.0,0.0,257.38,1.77,0.0
186,-2.32,2.17,0.0,0.0,253.5,-1.89,0.0
187,-3.23,2.13,0.0,0.0,249.81,-5.34,0.0
188,-3.9,2.11,0.0,0.0,246.86,-8.1,0.0
189,-4.27,2.12,0.0,0.0,245.02,-9.81,0.0
190,-4.4,2.16,0.0,0.0,244.21,-10.57,0.0
191,-4.37,2.21,0.0,0.0,244.17,-10.63,0.0
192,-4.29,2.25,0.0,0.0,249.57,-10.2,0.0
193,-4.23,2.29,0.0,0.0,250.29,-9.51,0.0
194,-4.3,2.3,0.0,0.0,251.05,-8.8,2.0
195,-4.55,2.27,0.0,0.0,251.66,-8.23,2.0
196,-4.91,2.21,0.0,0.0,252.2,-7.74,2.0
197,-5.28,2.13,0.0,0.0,252.77,-7.21,2.0
198,-5.58,2.06,0.0,0.0,253.52,-6.51,2.0
199,-5.7,1.99,0.0,0.0,254.55,-5.51,2.0
200,-2.5,2.52,37.46,24.15,255.86,-4.1,2.0
201,0.84,3.17,61.09,61.09,257.67,-2.21,2.0
202,2.58,3.36,226.32,145.92,259.81,-0.06,2.0
203,3.17,3.25,136.91,136.91,261.99,2.1,2.0
204,3.04,3.01,331.12,213.49,263.92,3.99,2.0
205,2.63,2.77,319.0,205.68,265.31,5.35,2.0
206,2.4,2.65,121.45,121.45,265.88,5.9,2.0
207,2.5,2.71,82.2,82.2,265.43,5.47,2.0
208,2.21,2.77,81.67,52.66,264.19,4.23,2.0
209,1.47,2.79,0.0,0.0,262.42,2.47,2.0
210,0.48,2.77,0.0,0.0,260.4,0.44,2.0
211,-0.54,2.68,0.0,0.0,258.37,-1.57,2.0
212,-1.4,2.6,0.0,0.0,256.62,-3.3,2.0
213,-1.93,2.54,0.0,0.0,255.35,-4.54,2.0
214,-2.18,2.5,0.0,0.0,254.52,-5.35,2.0
215,-2.24,2.47,0.0,0.0,253.99,-5.85,2.0
216,-2.18,2.43,0.0,0.0,249.07,-6.16,2.0
217,-2.11,2.4,0.0,0.0,248.77,-6.41,2.0
218,-2.1,2.34,0.0,0.0,248.41,-6.7,2.0
219,-2.22,2.27,0.0,0.0,247.94,-7.12,2.0
220,-2.4,2.19,0.0,0.0,247.49,-7.52,2.0
221,-2.55,2.11,0.0,0.0,247.26,-7.71,2.0
222,-2.58,2.04,0.0,0.0,247.46,-7.49,2.0
223,-2.39,1.98,0.0,0.0,248.3,-6.69,2.0
224,-1.9,1.94,54.09,31.3,249.95,-5.1,1.0
225,-1.06,1.91,74.2,74.2,252.52,-2.64,1.0
226,-0.02,1.87,126.07,126.07,255.61,0.34,1.0
227,1.02,1.82,165.67,165.67,258.76,3.38,1.0
228,1.86,1.73,468.93,271.36,261.48,6.02,1.0
229,2.3,1.65,451.83,261.47,263.33,7.82,1.0
230,2.1,1.57,147.04,147.04,263.85,8.3,3.0
231,1.02,1.51,99.69,99.69,262.76,7.17,3.0
232,-0.61,1.44,45.81,45.81,260.35,4.76,3.0
233,-2.29,1.4,0.0,0.0,257.07,1.55,3.0
234,-3.52,1.42,0.0,0.0,253.4,-1.99,3.0
235,-3.8,1.54,0.0,0.0,249.78,-5.36,3.0
236,-3.1,1.78,0.0,0.0,246.75,-8.1,2.0
237,-2.79,1.94,0.0,0.0,244.84,-9.83,2.0
238,-3.1,1.97,0.0,0.0,243.96,-10.69,2.0
239,-3.83,1.91,0.0,0.0,243.82,-10.9,2.0
240,-4.79,1.79,0.0,0.0,248.95,-10.71,2.0
241,-5.81,1.66,0.0,0.0,249.37,-10.36,2.0
242,-6.7,1.54,0.0,0.0,249.71,-10.1,0.0
243,-7.31,1.47,0.0,0.0,249.76,-10.08,0.0
244,-7.67,1.43,0.0,0.0,249.68,-10.18,0.0
245,-7.84,1.4,0.0,0.0,249.7,-10.17,0.0
246,-7.9,1.38,0.0,0.0,250.04,-9.85,0.0
247,-7.9,1.36,0.0,0.0,250.93,-8.99,0.0
248,-5.4,1.65,40.0,28.38,252.45,-7.4,2.0
249,-2.83,1.99,137.54,97.58,254.86,-4.95,2.0
250,-1.5,2.14,91.16,91.16,257.92,-1.96,2.0
251,-0.98,2.15,119.66,119.66,261.16,1.19,2.0
252,-0.86,2.09,339.93,241.18,264.15,4.08,2.0
253,-0.71,2.06,128.17,128.17,266.45,6.32,2.0
254,-0.1,2.14,106.26,106.26,267.64,7.5,2.0
255,0.7,2.32,184.47,130.88,267.45,7.34,2.0
256,0.53,2.34,33.37,33.37,266.16,6.08,2.0
257,0.07,2.33,0.0,0.0,264.12,4.08,2.0
258,-0.55,2.26,0.0,0.0,261.67,1.69,2.0
259,-1.25,2.19,0.0,0.0,259.2,-0.72,2.0
260,-1.9,2.1,0.0,0.0,257.06,-2.8,4.0
261,-2.43,2.0,0.0,0.0,255.54,-4.27,4.0
262,-2.84,1.91,0.0,0.0,254.6,-5.18,4.0
263,-3.15,1.82,0.0,0.0,254.1,-5.67,4.0
264,-3.38,1.74,0.0,0.0,250.51,-5.86,4.0
265,-3.56,1.69,0.0,0.0,250.47,-5.89,4.0
266,-3.7,1.67,0.0,0.0,250.47,-5.9,2.0
267,-3.83,1.67,0.0,0.0,250.41,-5.98,2.0
268,-3.94,1.7,0.0,0.0,250.36,-6.05,2.0
269,-4.02,1.73,0.0,0.0,250.44,-6.01,2.0
270,-4.08,1.77,0.0,0.0,250.75,-5.74,2.0
271,-4.1,1.8,0.0,0.0,251.42,-5.14,2.0
272,-3.9,1.83,70.99,45.16,252.54,-4.1,3.0
273,-3.52,1.85,69.07,69.07,254.17,-2.56,3.0
274,-3.05,1.86,116.66,116.66,256.11,-0.71,3.0
275,-2.51,1.86,152.96,152.96,258.09,1.19,3.0
276,-1.92,1.86,169.94,169.94,259.87,2.91,3.0
277,-1.31,1.87,163.79,163.79,261.17,4.2,3.0
278,-0.7,1.9,472.8,300.78,261.75,4.8,4.0
279,-0.3,1.94,92.48,92.48,261.45,4.56,4.0
280,-0.36,1.94,149.65,95.2,260.46,3.63,4.0
281,-0.53,1.96,0.0,0.0,259.01,2.26,4.0
282,-0.78,1.99,0.0,0.0,257.38,0.71,4.0
283,-1.08,2.04,0.0,0.0,255.81,-0.8,4.0
284,-1.4,2.09,0.0,0.0,254.57,-2.0,3.0
285,-1.71,2.15,0.0,0.0,253.86,-2.72,3.0
286,-2.01,2.2,0.0,0.0,253.59,-3.03,3.0
287,-2.28,2.25,0.0,0.0,253.61,-3.06,3.0
288,-2.53,2.26,0.0,0.0,257.01,-2.94,3.0
289,-2.74,2.26,0.0,0.0,257.17,-2.81,3.0
290,-2.9,2.22,0.0,0.0,257.19,-2.8,0.0
291,-3.02,2.14,0.0,0.0,256.97,-2.99,0.0
292,-3.12,2.04,0.0,0.0,256.62,-3.32,0.0
293,-3.22,1.92,0.0,0.0,256.26,-3.64,0.0
294,-3.35,1.82,0.0,0.0,256.03,-3.85,0.0
295,-3.53,1.74,0.0,0.0,256.06,-3.81,0.0
296,-3.8,1.7,0.06,0.06,256.5,-3.4,4.0
297,-4.15,1.72,0.2,0.2,257.42,-2.55,4.0
298,-4.46,1.78,0.34,0.34,258.67,-1.41,4.0
299,-4.6,1.89,0.44,0.44,260.03,-0.15,4.0
300,-4.37,2.08,0.49,0.49,261.28,1.03,4.0
301,-3.81,2.32,0.47,0.47,262.24,1.95,4.0
302,-3.1,2.58,0.39,0.39,262.71,2.4,4.0
303,-2.41,2.81,0.27,0.27,262.56,2.27,4.0
304,-1.84,2.97,0.12,0.12,261.91,1.65,4.0
305,-1.45,3.05,0.0,0.0,260.91,0.71,4.0
306,-1.3,3.02,0.0,0.0,259.75,-0.39,4.0
307,-1.95,2.78,0.0,0.0,258.62,-1.48,4.0
308,-2.9,2.48,0.0,0.0,257.67,-2.4,3.0
309,-3.06,2.36,0.0,0.0,257.0,-3.03,3.0
310,-3.0,2.27,0.0,0.0,256.58,-3.4,3.0
311,-3.46,2.1,0.0,0.0,256.36,-3.61,3.0
312,-4.28,1.87,0.0,0.0,256.26,-3.72,3.0
313,-5.05,1.68,0.0,0.0,256.17,-3.83,3.0
314,-5.4,1.57,0.0,0.0,255.99,-4.0,2.0
315,-5.47,1.52,0.0,0.0,255.67,-4.3,2.0
316,-5.64,1.46,0.0,0.0,255.27,-4.68,2.0
317,-5.88,1.42,0.0,0.0,254.88,-5.06,2.0
318,-6.15,1.38,0.0,0.0,254.56,-5.38,2.0
319,-6.4,1.36,0.0,0.0,254.4,-5.55,2.0
320,-6.6,1.35,3.11,3.11,254.47,-5.5,2.0
321,-6.72,1.38,10.21,10.21,254.8,-5.2,2.0
322,-6.77,1.41,17.13,17.13,255.31,-4.73,2.0
323,-6.79,1.46,22.41,22.41,255.85,-4.23,2.0
324,-6.8,1.52,24.87,24.87,256.29,-3.82,2.0
325,-6.82,1.57,23.98,23.98,256.5,-3.64,2.0
326,-6.9,1.61,19.93,19.93,256.35,-3.8,4.0
327,-7.04,1.63,13.62,13.62,255.75,-4.4,4.0
328,-7.24,1.64,6.41,6.41,254.78,-5.34,4.0
329,-7.47,1.64,0.0,0.0,253.58,-6.51,4.0
330,-7.7,1.62,0.0,0.0,252.27,-7.78,4.0
331,-7.92,1.61,0.0,0.0,250.99,-9.02,4.0
332,-8.1,1.6,0.0,0.0,249.87,-10.1,2.0
333,-8.23,1.59,0.0,0.0,249.01,-10.93,2.0
334,-8.31,1.58,0.0,0.0,248.4,-11.51,2.0
335,-8.38,1.57,0.0,0.0,248.01,-11.88,2.0
336,-8.45,1.57,0.0,0.0,245.28,-12.08,2.0
337,-8.55,1.54,0.0,0.0,245.22,-12.14,2.0
338,-8.7,1.51,0.0,0.0,245.27,-12.1,0.0
339,-8.91,1.46,0.0,0.0,245.42,-11.97,0.0
340,-9.15,1.4,0.0,0.0,245.7,-11.72,0.0
341,-9.37,1.34,0.0,0.0,246.2,-11.26,0.0
342,-9.54,1.27,0.0,0.0,246.96,-10.55,0.0
343,-9.6,1.21,0.0,0.0,248.05,-9.52,0.0
344,-8.4,1.26,42.34,28.36,249.44,-8.1,2.0
345,-7.09,1.3,136.54,91.46,251.24,-6.28,2.0
346,-6.31,1.26,102.53,102.53,253.27,-4.28,2.0
347,-5.93,1.17,133.95,133.95,255.24,-2.37,2.0
348,-5.81,1.08,148.64,148.64,256.86,-0.8,2.0
349,-5.8,1.01,319.34,213.91,257.84,0.14,2.0
350,-5.9,1.0,265.59,177.9,257.9,0.2,2.0
351,-6.2,1.02,181.83,121.79,256.89,-0.79,2.0
352,-6.64,1.08,38.69,38.69,255.05,-2.59,2.0
353,-7.16,1.15,0.0,0.0,252.71,-4.86,2.0
354,-7.69,1.2,0.0,0.0,250.24,-7.25,2.0
355,-8.16,1.24,0.0,0.0,247.99,-9.41,2.0
356,-8.5,1.25,0.0,0.0,246.31,-11.0,0.0
357,-8.67,1.22,0.0,0.0,245.48,-11.78,0.0
358,-8.72,1.17,0.0,0.0,245.35,-11.88,0.0
359,-8.7,1.1,0.0,0.0,245.66,-11.55,0.0
360,-8.68,1.02,0.0,0.0,248.74,-11.04,0.0
361,-8.73,0.95,0.0,0.0,249.2,-10.57,0.0
362,-8.9,0.89,0.0,0.0,249.38,-10.4,2.0
363,-9.24,0.85,0.0,0.0,249.1,-10.68,2.0
364,-9.66,0.84,0.0,0.0,248.55,-11.24,2.0
365,-10.09,0.84,0.0,0.0,247.95,-11.85,2.0
366,-10.4,0.85,0.0,0.0,247.58,-12.24,2.0
367,-10.5,0.87,0.0,0.0,247.67,-12.17,2.0
368,-10.3,0.91,50.11,32.08,248.48,-11.4,2.0
369,-9.73,0.95,67.81,67.81,250.15,-9.77,2.0
370,-8.92,1.0,265.14,169.75,252.43,-7.54,2.0
371,-8.01,1.04,345.95,221.49,254.96,-5.05,2.0
372,-7.16,1.06,163.64,163.64,257.4,-2.64,2.0
373,-6.54,1.06,157.82,157.82,259.4,-0.68,2.0
374,-6.3,1.03,308.05,197.23,260.59,0.5,1.0
375,-6.27,0.98,90.13,90.13,260.72,0.65,1.0
376,-6.2,0.96,43.01,43.01,259.94,-0.1,1.0
377,-6.14,0.96,0.0,0.0,258.49,-1.48,1.0
378,-6.12,0.98,0.0,0.0,256.64,-3.25,1.0
379,-6.2,1.02,0.0,0.0,254.64,-5.18,1.0
380,-6.4,1.08,0.0,0.0,252.77,-7.0,0.0
381,-6.76,1.16,0.0,0.0,251.23,-8.53,0.0
382,-7.24,1.24,0.0,0.0,250.0,-9.77,0.0
383,-7.79,1.29,0.0,0.0,249.01,-10.79,0.0
384,-8.37,1.31,0.0,0.0,232.65,-11.64,0.0
385,-8.92,1.29,0.0,0.0,231.88,-12.39,0.0
386,-9.4,1.23,0.0,0.0,231.07,-13.1,0.0
387,-9.77,1.12,0.0,0.0,230.17,-13.79,0.0
388,-10.02,0.98,0.0,0.0,229.34,-14.35,0.0
389,-10.19,0.82,0.0,0.0,228.79,-14.63,0.0
390,-10.27,0.67,0.0,0.0,228.72,-14.5,0.0
391,-10.3,0.53,0.0,0.0,229.35,-13.8,0.0
392,-9.8,0.43,72.55,7.08,230.77,-12.4,5.0
393,-9.23,0.38,226.48,22.1,233.22,-10.23,5.0
394,-8.83,0.35,376.35,36.73,236.39,-7.59,5.0
395,-8.51,0.35,490.42,47.86,239.72,-4.86,5.0
396,-8.19,0.37,543.75,53.06,242.7,-2.43,5.0
397,-7.78,0.4,524.5,51.18,244.78,-0.68,5.0
398,-7.2,0.42,436.95,42.64,245.48,0.0,7.0
399,-6.48,0.44,300.42,29.32,244.47,-0.64,7.0
400,-6.1,0.43,144.35,14.09,242.18,-2.34,7.0
401,-6.41,0.38,0.9,0.09,239.19,-4.72,7.0
402,-7.18,0.33,0.0,0.0,235.94,-7.4,7.0
403,-8.19,0.29,0.0,0.0,232.89,-9.99,7.0
404,-9.2,0.27,0.0,0.0,230.49,-12.1,6.0
405,-10.03,0.27,0.0,0.0,229.08,-13.46,6.0
406,-10.68,0.29,0.0,0.0,228.46,-14.18,6.0
407,-11.17,0.32,0.0,0.0,228.35,-14.48,6.0
408,-11.53,0.35,0.0,0.0,228.49,-14.59,6.0
409,-11.79,0.38,0.0,0.0,228.51,-14.72,6.0
410,-12.0,0.41,0.0,0.0,228.16,-15.1,3.0
411,-12.17,0.42,0.0,0.0,227.28,-15.85,3.0
412,-12.31,0.42,0.0,0.0,226.15,-16.76,3.0
413,-12.41,0.41,0.0,0.0,225.2,-17.5,3.0
414,-12.48,0.39,0.0,0.0,224.84,-17.76,3.0
415,-12.5,0.37,0.0,0.0,225.49,-17.23,3.0
416,-12.4,0.34,43.21,7.63,227.51,-15.6,3.0
417,-11.98,0.32,227.28,24.29,231.04,-12.7,3.0
418,-11.3,0.29,376.38,40.23,235.5,-8.95,3.0
419,-10.46,0.26,489.81,52.35,240.17,-4.94,3.0
420,-9.57,0.23,542.82,58.02,244.39,-1.24,3.0
421,-8.75,0.21,523.69,55.97,247.49,1.56,3.0
422,-8.1,0.19,436.67,46.67,248.86,2.9,7.0
423,-7.72,0.18,300.89,32.16,248.07,2.38,7.0
424,-7.6,0.18,145.55,15.56,245.54,0.37,7.0
425,-7.66,0.19,2.58,0.28,241.9,-2.59,7.0
426,-7.8,0.21,0.0,0.0,237.76,-5.94,7.0
427,-7.93,0.23,0.0,0.0,233.77,-9.12,7.0
428,-8.0,0.24,0.0,0.0,230.62,-11.6,6.0
429,-7.95,0.26,0.0,0.0,228.83,-12.97,6.0
430,-7.87,0.27,0.0,0.0,228.19,-13.45,6.0
431,-7.84,0.28,0.0,0.0,228.25,-13.43,6.0
432,-7.97,0.3,0.0,0.0,229.06,-13.28,6.0
433,-8.35,0.32,0.0,0.0,229.15,-13.38,6.0
434,-9.1,0.34,0.0,0.0,228.58,-14.1,4.0
435,-10.24,0.36,0.0,0.0,227.06,-15.67,4.0
436,-11.58,0.37,0.0,0.0,225.04,-17.65,4.0
437,-12.86,0.38,0.0,0.0,223.19,-19.48,4.0
438,-13.82,0.37,0.0,0.0,222.15,-20.57,4.0
439,-14.2,0.37,0.0,0.0,222.62,-20.34,4.0
440,-13.4,0.38,75.94,7.81,225.12,-18.2,0.0
441,-11.84,0.39,229.49,23.61,230.15,-13.84,0.0
442,-9.96,0.37,378.69,38.96,236.85,-7.98,0.0
443,-7.98,0.32,492.15,50.63,244.02,-1.6,0.0
444,-6.12,0.25,545.16,56.09,250.51,4.33,0.0
445,-4.59,0.18,526.04,54.12,255.31,8.82,0.0
446,-3.6,0.16,439.02,45.17,257.46,10.9,3.0
447,-3.3,0.24,303.18,31.19,256.35,9.9,3.0
448,-3.48,0.38,147.67,15.19,252.5,6.44,3.0
449,-4.0,0.55,4.33,0.45,246.85,1.44,3.0
450,-4.84,0.69,0.0,0.0,240.4,-4.15,3.0
451,-5.98,0.76,0.0,0.0,234.27,-9.41,3.0
452,-7.4,0.75,0.0,0.0,229.67,-13.4,3.0
453,-9.0,0.67,0.0,0.0,227.51,-15.44,3.0
454,-10.34,0.57,0.0,0.0,227.37,-15.82,3.0
455,-10.9,0.5,0.0,0.0,228.39,-15.09,3.0
456,-9.74,0.48,0.0,0.0,229.62,-13.8,3.0
457,-7.2,0.52,0.0,0.0,230.36,-12.49,3.0
458,-4.7,0.55,0.0,0.0,230.43,-11.7,2.0
459,-3.35,0.56,0.0,0.0,229.72,-11.81,2.0
460,-3.09,0.55,0.0,0.0,228.63,-12.53,2.0
461,-3.58,0.53,0.0,0.0,227.65,-13.38,2.0
462,-4.44,0.5,0.0,0.0,227.26,-13.91,2.0
463,-5.33,0.46,0.0,0.0,227.93,-13.64,2.0
464,-5.9,0.43,44.6,8.88,230.13,-12.1,3.0
465,-5.87,0.4,229.99,28.63,234.06,-9.02,3.0
466,-5.33,0.37,378.17,47.08,239.08,-4.89,3.0
467,-4.43,0.35,490.78,61.1,244.37,-0.38,3.0
468,-3.36,0.31,543.39,67.65,249.17,3.84,3.0
469,-2.26,0.29,524.43,65.29,252.73,7.09,3.0
470,-1.3,0.27,438.07,54.54,254.34,8.7,5.0
471,-0.8,0.27,303.21,37.75,253.57,8.21,5.0
472,-0.97,0.29,85.74,17.08,250.94,6.0,5.0
473,-1.41,0.32,6.08,0.76,247.04,2.67,5.0
474,-2.02,0.37,0.0,0.0,242.54,-1.17,5.0
475,-2.72,0.42,0.0,0.0,238.13,-4.93,5.0
476,-3.4,0.48,0.0,0.0,234.56,-8.0,3.0
477,-4.0,0.54,0.0,0.0,232.39,-9.95,3.0
478,-4.53,0.6,0.0,0.0,231.41,-10.97,3.0
479,-5.04,0.65,0.0,0.0,231.16,-11.41,3.0
480,-5.57,0.7,0.0,0.0,231.47,-11.62,3.0
481,-6.18,0.74,0.0,0.0,231.33,-11.97,3.0
482,-6.9,0.77,0.0,0.0,230.59,-12.8,3.0
483,-7.75,0.78,0.0,0.0,228.97,-14.32,3.0
484,-8.63,0.77,0.0,0.0,226.95,-16.13,3.0
485,-9.42,0.75,0.0,0.0,225.18,-17.7,3.0
486,-9.98,0.72,0.0,0.0,224.33,-18.5,3.0
487,-10.2,0.69,0.0,0.0,225.05,-17.98,3.0
488,-8.8,0.74,76.18,16.52,227.67,-15.6,2.0
489,-6.73,0.79,130.93,130.93,232.77,-11.08,2.0
490,-4.77,0.79,365.18,79.22,239.58,-5.14,2.0
491,-2.96,0.74,487.1,67.37,246.83,1.24,2.0
492,-1.39,0.66,523.75,113.61,253.36,7.09,2.0
493,-0.11,0.58,520.34,71.97,258.1,11.43,2.0
494,0.8,0.56,435.06,60.17,260.03,13.3,4.0
495,1.2,0.63,301.82,41.74,258.49,12.04,4.0
496,0.78,0.75,149.05,20.61,254.28,8.3,4.0
497,-0.26,0.87,7.82,1.08,248.38,3.08,4.0
498,-1.56,0.96,0.0,0.0,241.81,-2.65,4.0
499,-2.79,1.0,0.0,0.0,235.66,-7.91,4.0
500,-3.6,1.02,0.0,0.0,231.1,-11.7,0.0
501,-3.74,1.03,0.0,0.0,229.05,-13.32,0.0
502,-3.37,1.02,0.0,0.0,229.12,-13.14,0.0
503,-2.73,1.0,0.0,0.0,230.6,-11.79,0.0
504,-2.09,0.95,0.0,0.0,230.96,-9.91,0.0
505,-1.7,0.87,0.0,0.0,233.01,-8.13,0.0
506,-1.8,0.77,0.0,0.0,234.23,-7.1,4.0
507,-2.56,0.66,0.0,0.0,234.15,-7.25,4.0
508,-3.74,0.57,0.0,0.0,233.15,-8.25,4.0
509,-4.99,0.5,0.0,0.0,231.8,-9.56,4.0
510,-5.99,0.46,0.0,0.0,230.67,-10.67,4.0
511,-6.4,0.43,0.0,0.0,230.31,-11.02,4.0
512,-3.8,0.51,83.1,8.34,230.59,-10.1,3.0
513,-1.19,0.59,239.32,24.01,232.97,-7.57,3.0
514,0.04,0.58,390.66,39.19,237.29,-3.9,3.0
515,0.31,0.52,505.55,50.72,242.44,0.26,3.0
516,0.05,0.44,559.21,56.1,247.46,4.24,3.0
517,-0.33,0.37,539.89,54.16,251.41,7.37,3.0
518,-0.4,0.36,451.83,45.33,253.43,9.0,7.0
519,0.06,0.41,314.19,31.52,252.95,8.67,7.0
520,0.4,0.48,156.24,15.67,250.57,6.74,7.0
521,0.14,0.55,10.0,1.0,247.08,3.78,7.0
522,-0.44,0.6,0.0,0.0,243.06,0.38,7.0
523,-1.05,0.64,0.0,0.0,239.14,-2.91,7.0
524,-1.4,0.66,0.0,0.0,235.96,-5.5,4.0
525,-1.4,0.67,0.0,0.0,234.03,-6.98,4.0
526,-1.56,0.65,0.0,0.0,233.29,-7.55,4.0
527,-2.0,0.6,0.0,0.0,233.35,-7.57,4.0
528,-2.66,0.53,0.0,0.0,234.23,-7.4,4.0
529,-3.51,0.46,0.0,0.0,234.44,-7.39,4.0
530,-4.5,0.41,0.0,0.0,234.06,-7.9,7.0
531,-5.58,0.36,0.0,0.0,232.76,-9.15,7.0
532,-6.68,0.33,0.0,0.0,230.94,-10.82,7.0
533,-7.69,0.31,0.0,0.0,229.14,-12.47,7.0
534,-8.52,0.29,0.0,0.0,227.91,-13.63,7.0
535,-9.09,0.28,0.0,0.0,227.82,-13.86,7.0
536,-9.3,0.27,85.52,8.57,229.42,-12.7,4.0
537,-9.5,0.25,242.44,24.3,233.12,-9.89,4.0
538,-9.2,0.24,394.29,39.52,238.05,-5.94,4.0
539,-8.32,0.24,509.51,51.06,243.26,-1.55,4.0
540,-7.13,0.24,563.31,56.46,247.99,2.59,4.0
541,-5.9,0.25,543.95,54.52,251.51,5.77,4.0
542,-4.9,0.27,455.66,45.67,253.09,7.3,7.0
543,-4.35,0.29,317.6,31.83,252.22,6.69,7.0
544,-4.22,0.33,159.04,15.94,249.32,4.32,7.0
545,-4.43,0.37,12.01,1.2,245.08,0.79,7.0
546,-4.89,0.41,0.0,0.0,240.16,-3.3,7.0
547,-5.51,0.44,0.0,0.0,235.26,-7.37,7.0
548,-6.2,0.48,0.0,0.0,231.15,-10.8,2.0
549,-6.9,0.52,0.0,0.0,228.42,-13.16,2.0
550,-7.56,0.55,0.0,0.0,226.9,-14.57,2.0
551,-8.18,0.57,0.0,0.0,226.21,-15.33,2.0
552,-8.74,0.58,0.0,0.0,226.48,-15.72,2.0
553,-9.22,0.58,0.0,0.0,226.3,-16.01,2.0
554,-9.6,0.57,0.0,0.0,225.79,-16.5,0.0
555,-9.87,0.54,0.0,0.0,224.73,-17.35,0.0
556,-10.04,0.51,0.0,0.0,223.48,-18.28,0.0
557,-10.14,0.47,0.0,0.0,222.61,-18.9,0.0
558,-10.19,0.42,0.0,0.0,222.64,-18.81,0.0
559,-10.2,0.38,0.0,0.0,224.14,-17.6,0.0
560,-8.0,0.41,50.53,10.02,226.85,-14.9,2.0
561,-5.55,0.46,248.6,30.76,231.72,-10.5,2.0
562,-3.98,0.48,402.82,49.84,238.24,-5.02,2.0
563,-3.0,0.5,519.76,64.31,245.16,0.71,2.0
564,-2.3,0.51,574.36,71.06,251.36,5.87,2.0
565,-1.57,0.55,554.71,68.63,255.81,9.64,2.0
566,-0.5,0.64,465.12,57.55,257.49,11.2,3.0
567,0.5,0.76,184.36,36.55,255.88,9.99,3.0
568,0.19,0.82,163.87,20.27,251.89,6.58,3.0
569,-0.63,0.85,8.08,1.6,246.24,1.76,3.0
570,-1.76,0.86,0.0,0.0,239.87,-3.62,3.0
571,-3.01,0.85,0.0,0.0,233.74,-8.75,3.0
572,-4.2,0.83,0.0,0.0,228.88,-12.8,2.0
573,-5.17,0.82,0.0,0.0,226.12,-15.17,2.0
574,-5.96,0.81,0.0,0.0,225.16,-16.14,2.0
575,-6.62,0.8,0.0,0.0,225.41,-16.17,2.0
576,-7.22,0.81,0.0,0.0,226.07,-15.75,2.0
577,-7.83,0.82,0.0,0.0,226.85,-15.36,2.0
578,-8.5,0.83,0.0,0.0,226.98,-15.5,0.0
579,-9.28,0.84,0.0,0.0,226.06,-16.46,0.0
580,-10.08,0.84,0.0,0.0,224.58,-17.85,0.0
581,-10.8,0.84,0.0,0.0,223.22,-19.1,0.0
582,-11.31,0.83,0.0,0.0,222.71,-19.64,0.0
583,-11.5,0.81,0.0,0.0,223.75,-18.9,0.0
584,-11.3,0.79,50.78,12.36,227.03,-16.3,1.0
585,-10.1,0.78,268.71,42.72,232.68,-11.54,1.0
586,-7.97,0.78,433.76,68.96,239.75,-5.33,1.0
587,-5.24,0.76,290.22,70.64,247.05,1.33,1.0
588,-2.26,0.69,617.24,98.13,253.49,7.48,1.0
589,0.63,0.57,309.64,75.37,258.01,12.13,1.0
590,3.1,0.42,500.43,79.56,259.58,14.3,0.0
591,4.4,0.36,350.48,55.72,257.81,13.32,0.0
592,3.96,0.4,177.97,28.29,253.69,9.8,0.0
593,2.83,0.53,9.09,2.21,247.89,4.66,0.0
594,1.29,0.68,0.0,0.0,241.29,-1.21,0.0
595,-0.38,0.8,0.0,0.0,234.85,-6.86,0.0
596,-1.9,0.89,0.0,0.0,229.67,-11.4,2.0
597,-3.05,0.96,0.0,0.0,226.65,-14.13,2.0
598,-3.87,1.02,0.0,0.0,225.53,-15.32,2.0
599,-4.48,1.07,0.0,0.0,225.73,-15.44,2.0
600,-4.98,1.12,0.0,0.0,229.57,-14.99,2.0
601,-5.48,1.14,0.0,0.0,230.48,-14.45,2.0
602,-6.1,1.13,0.0,0.0,230.89,-14.3,2.0
603,-6.9,1.1,0.0,0.0,230.4,-14.88,2.0
604,-7.77,1.05,0.0,0.0,229.38,-15.87,2.0
605,-8.58,0.98,0.0,0.0,228.4,-16.81,2.0
606,-9.17,0.93,0.0,0.0,228.01,-17.23,2.0
607,-9.4,0.88,0.0,0.0,228.76,-16.64,2.0
608,-7.5,0.99,72.69,29.72,230.81,-14.6,2.0
609,-5.1,1.11,384.19,109.91,234.87,-10.83,2.0
610,-3.2,1.16,316.42,129.37,240.42,-5.9,2.0
611,-1.7,1.15,239.11,239.11,246.44,-0.59,2.0
612,-0.48,1.11,449.36,183.72,251.98,4.33,2.0
613,0.58,1.1,434.15,177.5,256.14,8.09,2.0
614,1.6,1.14,214.25,214.25,258.05,9.9,3.0
615,2.3,1.26,256.07,104.69,257.2,9.24,3.0
616,1.79,1.37,76.91,76.91,254.28,6.58,3.0
617,0.5,1.44,14.36,5.87,249.99,2.63,3.0
618,-1.25,1.43,0.0,0.0,245.02,-1.89,3.0
619,-3.09,1.39,0.0,0.0,240.19,-6.27,3.0
620,-4.7,1.33,0.0,0.0,236.29,-9.8,4.0
621,-5.8,1.29,0.0,0.0,233.95,-11.94,4.0
622,-6.45,1.27,0.0,0.0,232.96,-12.89,4.0
623,-6.77,1.27,0.0,0.0,232.9,-13.03,4.0
624,-6.88,1.27,0.0,0.0,234.37,-12.72,4.0
625,-6.92,1.28,0.0,0.0,234.85,-12.35,4.0
626,-7.0,1.29,0.0,0.0,234.95,-12.3,2.0
627,-7.22,1.28,0.0,0.0,234.39,-12.81,2.0
628,-7.53,1.26,0.0,0.0,233.47,-13.62,2.0
629,-7.85,1.23,0.0,0.0,232.65,-14.34,2.0
630,-8.1,1.19,0.0,0.0,232.38,-14.59,2.0
631,-8.2,1.14,0.0,0.0,233.11,-13.97,2.0
632,-6.6,1.23,72.41,31.57,235.0,-12.1,2.0
633,-4.55,1.31,113.41,113.41,238.52,-8.77,2.0
634,-2.9,1.29,309.33,134.86,243.22,-4.48,2.0
635,-1.6,1.19,397.33,173.22,248.24,0.09,2.0
636,-0.58,1.05,667.36,208.37,252.78,4.27,2.0
637,0.23,0.93,423.63,184.69,256.09,7.36,2.0
638,0.9,0.88,209.27,209.27,257.42,8.7,3.0
639,1.3,0.94,147.27,147.27,256.34,7.82,3.0
640,1.03,1.06,75.83,75.83,253.38,5.14,3.0
641,0.32,1.22,9.16,9.16,249.16,1.31,3.0
642,-0.66,1.33,0.0,0.0,244.33,-3.04,3.0
643,-1.75,1.41,0.0,0.0,239.6,-7.25,3.0
644,-2.8,1.44,0.0,0.0,235.71,-10.7,0.0
645,-3.67,1.42,0.0,0.0,233.25,-12.9,0.0
646,-4.36,1.37,0.0,0.0,232.06,-13.99,0.0
647,-4.91,1.3,0.0,0.0,231.77,-14.31,0.0
648,-5.34,1.21,0.0,0.0,228.46,-14.16,0.0
649,-5.7,1.12,0.0,0.0,228.87,-13.85,0.0
650,-6.0,1.02,0.0,0.0,229.04,-13.7,3.0
651,-6.28,0.92,0.0,0.0,228.7,-13.91,3.0
652,-6.53,0.81,0.0,0.0,228.21,-14.23,3.0
653,-6.72,0.71,0.0,0.0,228.03,-14.28,3.0
654,-6.85,0.62,0.0,0.0,228.67,-13.71,3.0
655,-6.9,0.54,0.0,0.0,230.58,-12.14,3.0
656,-5.0,0.56,100.94,8.91,233.65,-9.2,3.0
657,-2.95,0.58,265.18,23.42,238.66,-4.73,3.0
658,-1.72,0.58,423.25,37.38,245.02,0.67,3.0
659,-0.97,0.56,542.83,47.94,251.58,6.18,3.0
660,-0.39,0.55,598.6,52.87,257.26,10.99,3.0
661,0.36,0.57,578.57,51.1,261.05,14.3,3.0
662,1.6,0.63,487.04,43.02,261.95,15.3,3.0
663,2.8,0.7,343.6,30.35,259.47,13.46,3.0
664,2.41,0.72,178.15,15.73,254.65,9.38,3.0
665,1.42,0.72,23.5,2.08,248.25,3.95,3.0
666,0.11,0.71,0.0,0.0,241.26,-1.95,3.0
667,-1.25,0.68,0.0,0.0,234.67,-7.43,3.0
668,-2.4,0.66,0.0,0.0,229.63,-11.6,2.0
669,-3.13,0.67,0.0,0.0,226.99,-13.83,2.0
670,-3.53,0.7,0.0,0.0,226.44,-14.42,2.0
671,-3.79,0.75,0.0,0.0,227.31,-13.92,2.0
672,-4.05,0.82,0.0,0.0,231.6,-12.91,2.0
673,-4.5,0.89,0.0,0.0,233.14,-11.91,2.0
674,-5.3,0.95,0.0,0.0,234.04,-11.5,4.0
675,-6.54,0.99,0.0,0.0,233.86,-12.04,4.0
676,-8.01,1.0,0.0,0.0,232.98,-13.16,4.0
677,-9.42,0.99,0.0,0.0,232.01,-14.31,4.0
678,-10.48,0.97,0.0,0.0,231.56,-14.95,4.0
679,-10.9,0.97,0.0,0.0,232.23,-14.53,4.0
680,-9.8,1.06,78.43,29.79,234.49,-12.5,2.0
681,-7.94,1.16,119.28,119.28,238.86,-8.54,2.0
682,-5.9,1.21,322.89,122.63,244.66,-3.3,2.0
683,-3.79,1.2,428.48,111.74,250.82,2.36,2.0
684,-1.73,1.14,455.72,173.07,256.34,7.56,2.0
685,0.17,1.05,456.53,119.05,260.29,11.43,2.0
686,1.8,0.98,384.7,100.32,261.73,13.1,2.0
687,2.7,1.01,272.07,70.95,260.19,11.98,2.0
688,2.35,1.09,137.07,52.05,256.39,8.62,2.0
689,1.42,1.21,11.51,11.51,251.12,3.89,2.0
690,0.05,1.31,0.0,0.0,245.26,-1.37,2.0
691,-1.61,1.31,0.0,0.0,239.71,-6.32,2.0
692,-3.4,1.26,0.0,0.0,235.53,-10.1,1.0
693,-5.05,1.16,0.0,0.0,233.49,-12.09,1.0
694,-5.8,1.1,0.0,0.0,233.13,-12.53,1.0
695,-5.48,1.12,0.0,0.0,233.85,-11.88,1.0
696,-4.73,1.16,0.0,0.0,235.47,-10.62,1.0
697,-3.8,1.19,0.0,0.0,236.96,-9.2,1.0
698,-3.0,1.21,0.0,0.0,238.09,-8.1,2.0
699,-2.52,1.2,0.0,0.0,238.5,-7.63,2.0
700,-2.27,1.17,0.0,0.0,238.48,-7.54,2.0
701,-2.09,1.13,0.0,0.0,238.48,-7.45,2.0
702,-1.79,1.09,0.0,0.0,238.95,-6.96,2.0
703,-1.22,1.07,0.0,0.0,240.32,-5.67,2.0
704,-0.2,1.06,98.94,21.08,243.03,-3.2,2.0
705,1.35,1.06,148.35,148.35,247.27,0.66,2.0
706,3.16,1.05,400.04,85.21,252.39,5.35,2.0
707,4.89,1.01,526.83,71.25,257.6,10.15,2.0
708,6.19,0.96,563.43,120.01,262.11,14.29,2.0
709,6.7,0.9,561.13,75.89,265.17,17.06,2.0
710,5.9,0.85,473.32,64.02,266.09,17.7,5.0
711,4.64,0.87,335.56,45.38,264.14,15.73,5.0
712,3.36,0.94,176.39,23.86,259.82,11.71,5.0
713,2.14,1.04,27.12,3.67,253.99,6.43,5.0
714,1.03,1.14,0.0,0.0,247.51,0.7,5.0
715,0.13,1.23,0.0,0.0,241.3,-4.68,5.0
716,-0.5,1.28,0.0,0.0,236.31,-8.9,1.0
717,-0.82,1.34,0.0,0.0,233.38,-11.37,1.0
718,-0.95,1.39,0.0,0.0,232.23,-12.36,1.0
719,-1.02,1.44,0.0,0.0,232.35,-12.34,1.0
